Headline,Date,url,description,image,include,section,title,hero,original_image_url
2008: The year in photos,8/4/09,https://flickr.com/photos/timmeko/3788352905/,I designed this interactive package that highlighted the best photos from the Columbus Dispatch's photographers in 2008. Photographers narrated the stories behind the photos. audio.dispatch.com/flash/08yip/year.html,/Users/mekot/mcp-files/timmeko-dot-com/flickr/2008-the-year-in-photos_3788352905_o.png,,more,2008: The year in photos,/assets/images/more-2008-the-year-in-photos_3788352905_o.png,/Users/mekot/mcp-files/timmeko-dot-com/flickr/2008-the-year-in-photos_3788352905_o.png
2009 NCAA interactive brackets,8/4/09,https://flickr.com/photos/timmeko/3788353585/,Interactive brackets for the 2009 NCAA basketball tournament. Users could mouse-over any team for more information (displayed at the top of the screen). http://audio.dispatch.com/flash/09brackets/09brackets_031409.html,/Users/mekot/mcp-files/timmeko-dot-com/flickr/2009-ncaa-interactive-brackets_3788353585_o.png,,more,2009 NCAA interactive brackets,/assets/images/more-2009-ncaa-interactive-brackets_3788353585_o.png,/Users/mekot/mcp-files/timmeko-dot-com/flickr/2009-ncaa-interactive-brackets_3788353585_o.png
2009 Statewide issues map,11/4/09,https://flickr.com/photos/timmeko/4074847453/,Fully automatic and interactive map linked to the Ohio Secretary of State's website.audio.dispatch.com/flash/election/election.html,/Users/mekot/mcp-files/timmeko-dot-com/flickr/2009-statewide-issues-map_4074847453_o.png,,more,2009 Statewide issues map,/assets/images/more-2009-statewide-issues-map_4074847453_o.png,/Users/mekot/mcp-files/timmeko-dot-com/flickr/2009-statewide-issues-map_4074847453_o.png
2009 Year in Photos,1/21/10,https://flickr.com/photos/timmeko/4293569434/,Interactive feature to go with the 2009 Year in Photos Special Section video,/Users/mekot/mcp-files/timmeko-dot-com/flickr/2009-year-in-photos_4293569434_o.jpg,,more,2009 Year in Photos,/assets/images/more-2009-year-in-photos_4293569434_o.jpg,/Users/mekot/mcp-files/timmeko-dot-com/flickr/2009-year-in-photos_4293569434_o.jpg
2011 Urban Institute Cross-topic publications,2/21/12,https://flickr.com/photos/timmeko/6916574219/,interactive graphic that shows frequency of cross-topic publications.,/Users/mekot/mcp-files/timmeko-dot-com/flickr/2011-urban-institute-cross-topic-publications_6916574219_o.jpg,,more,2011 Urban Institute Cross-topic publications,/assets/images/more-2011-urban-institute-cross-topic-publications_6916574219_o.jpg,/Users/mekot/mcp-files/timmeko-dot-com/flickr/2011-urban-institute-cross-topic-publications_6916574219_o.jpg
27 Weeks: Long-term Unemployment in America,3/18/14,https://flickr.com/photos/timmeko/13231831485/,"Web feature: urbn.is/LTU Four years after the end of the Great Recession, long-term unemployment remains at record high levels. As of June 2013, 4.2 million people—a staggering 36.7 percent of the unemployed—have been out of work for longer than six months.",/Users/mekot/mcp-files/timmeko-dot-com/flickr/27-weeks-long-term-unemployment-in-america_13231831485_o.png,1,more,27 Weeks: Long-term Unemployment in America,/assets/images/more-27-weeks-long-term-unemployment-in-america_13231831485_o.png,/Users/mekot/mcp-files/timmeko-dot-com/flickr/27-weeks-long-term-unemployment-in-america_13231831485_o.png
A snapshot of Ohio's cities,8/3/09,https://flickr.com/photos/timmeko/3786326724/,On the Brink was a series that looked into Ohio's large cities and whether they could return to their former glory.,/Users/mekot/mcp-files/timmeko-dot-com/flickr/a-snapshot-of-ohios-cities_3786326724_o.jpg,1,more,A snapshot of Ohio's cities,/assets/images/more-a-snapshot-of-ohios-cities_3786326724_o.jpg,/Users/mekot/mcp-files/timmeko-dot-com/flickr/a-snapshot-of-ohios-cities_3786326724_o.jpg
Alaska,8/3/09,https://flickr.com/photos/timmeko/3785523475/,,/Users/mekot/mcp-files/timmeko-dot-com/flickr/alaska_3785523475_o.jpg,,more,Alaska,/assets/images/more-alaska_3785523475_o.jpg,/Users/mekot/mcp-files/timmeko-dot-com/flickr/alaska_3785523475_o.jpg
Ardi,10/7/09,https://flickr.com/photos/timmeko/3990346735/,"A look at the fossilized skeleton of 'Ardi,' a 4 million year old human ancestor.",/Users/mekot/mcp-files/timmeko-dot-com/flickr/ardi_3990346735_o.jpg,1,more,Ardi,/assets/images/more-ardi_3990346735_o.jpg,/Users/mekot/mcp-files/timmeko-dot-com/flickr/ardi_3990346735_o.jpg
Backyard Barbecue History,1/30/10,https://flickr.com/photos/timmeko/4314470119/,Pull-apart graphic of the 'big mama burger.' I actually ate this monstrosity.,/Users/mekot/mcp-files/timmeko-dot-com/flickr/backyard-barbecue-history_4314470119_o.jpg,1,more,Backyard Barbecue History,/assets/images/more-backyard-barbecue-history_4314470119_o.jpg,/Users/mekot/mcp-files/timmeko-dot-com/flickr/backyard-barbecue-history_4314470119_o.jpg
Beetle blitz,8/3/09,https://flickr.com/photos/timmeko/3786335324/,A look at the lady-bugs that are being studied as part of an Ohio State University project.,/Users/mekot/mcp-files/timmeko-dot-com/flickr/beetle-blitz_3786335324_o.jpg,,more,Beetle blitz,/assets/images/more-beetle-blitz_3786335324_o.jpg,/Users/mekot/mcp-files/timmeko-dot-com/flickr/beetle-blitz_3786335324_o.jpg
Beyond cancer,8/4/09,https://flickr.com/photos/timmeko/3788354561/,"Interactive presentation about life after cancer. I produced interactive graphics, an audio slideshow and a section featuring audio-driven biographies. I also edited the audio for each biography. audio.dispatch.com/flash/survivors/cancer.swf",/Users/mekot/mcp-files/timmeko-dot-com/flickr/beyond-cancer_3788354561_o.png,,more,Beyond cancer,/assets/images/more-beyond-cancer_3788354561_o.png,/Users/mekot/mcp-files/timmeko-dot-com/flickr/beyond-cancer_3788354561_o.png
Birds,9/11/09,https://flickr.com/photos/timmeko/3909835830/,,/Users/mekot/mcp-files/timmeko-dot-com/flickr/birds_3909835830_o.jpg,,more,Birds,/assets/images/more-birds_3909835830_o.jpg,/Users/mekot/mcp-files/timmeko-dot-com/flickr/birds_3909835830_o.jpg
Boom with a view,8/3/09,https://flickr.com/photos/timmeko/3785525539/,Where does the sound come from with fireworks?,/Users/mekot/mcp-files/timmeko-dot-com/flickr/boom-with-a-view_3785525539_o.jpg,1,more,Boom with a view,/assets/images/more-boom-with-a-view_3785525539_o.jpg,/Users/mekot/mcp-files/timmeko-dot-com/flickr/boom-with-a-view_3785525539_o.jpg
Borrowed time,8/4/09,https://flickr.com/photos/timmeko/3788350773/,Interactive maps created with Google's map API for flash. Map content was created with ArcView.,/Users/mekot/mcp-files/timmeko-dot-com/flickr/borrowed-time_3788350773_o.png,,more,Borrowed time,/assets/images/more-borrowed-time_3788350773_o.png,/Users/mekot/mcp-files/timmeko-dot-com/flickr/borrowed-time_3788350773_o.png
Building a snow fort,8/3/09,https://flickr.com/photos/timmeko/3786346248/,Showing children how to build a proper snow fort.,/Users/mekot/mcp-files/timmeko-dot-com/flickr/building-a-snow-fort_3786346248_o.jpg,1,more,Building a snow fort,/assets/images/more-building-a-snow-fort_3786346248_o.jpg,/Users/mekot/mcp-files/timmeko-dot-com/flickr/building-a-snow-fort_3786346248_o.jpg
Cannabis seizures,9/7/09,https://flickr.com/photos/timmeko/3897765880/,An interactive map of cannabis seizures in each of Ohio's counties. This map is set up so that it can be repurposed or updated from a spreadsheet with very little work and would take no more than five minutes,/Users/mekot/mcp-files/timmeko-dot-com/flickr/cannabis-seizures_3897765880_o.png,,more,Cannabis seizures,/assets/images/more-cannabis-seizures_3897765880_o.png,/Users/mekot/mcp-files/timmeko-dot-com/flickr/cannabis-seizures_3897765880_o.png
Cave dwellers,8/3/09,https://flickr.com/photos/timmeko/3786335734/,This is one of my favorite graphics. The double-truck infographic explains the different life forms found in Ohio's caves. The cave illustration was created out of aluminum foil which was then painted in Photoshop. View it full-sized for the full effect.,/Users/mekot/mcp-files/timmeko-dot-com/flickr/cave-dwellers_3786335734_o.jpg,1,more,Cave dwellers,/assets/images/more-cave-dwellers_3786335734_o.jpg,/Users/mekot/mcp-files/timmeko-dot-com/flickr/cave-dwellers_3786335734_o.jpg
Changing the Face of Immigration,3/26/13,https://flickr.com/photos/timmeko/8592643296/,A switch to a skill-based immigration system will shift the demographics of immigration in America.,/Users/mekot/mcp-files/timmeko-dot-com/flickr/changing-the-face-of-immigration_8592643296_o.jpg,,more,Changing the Face of Immigration,/assets/images/more-changing-the-face-of-immigration_8592643296_o.jpg,/Users/mekot/mcp-files/timmeko-dot-com/flickr/changing-the-face-of-immigration_8592643296_o.jpg
Chicago,8/3/09,https://flickr.com/photos/timmeko/3786336534/,,/Users/mekot/mcp-files/timmeko-dot-com/flickr/chicago_3786336534_o.jpg,,more,Chicago,/assets/images/more-chicago_3786336534_o.jpg,/Users/mekot/mcp-files/timmeko-dot-com/flickr/chicago_3786336534_o.jpg
Children of Immigrants Data Tool,5/7/14,https://flickr.com/photos/timmeko/14129545991/,"Interactive data tool that I designed and developed. Built using D3, HTML, CSS, and Javascript. View the interactive: datatools.urban.org/features/childrenOfImmigrants/chart/c...",/Users/mekot/mcp-files/timmeko-dot-com/flickr/children-of-immigrants-data-tool_14129545991_o.png,,more,Children of Immigrants Data Tool,/assets/images/more-children-of-immigrants-data-tool_14129545991_o.png,/Users/mekot/mcp-files/timmeko-dot-com/flickr/children-of-immigrants-data-tool_14129545991_o.png
Circuit,11/5/10,https://flickr.com/photos/timmeko/5147010781/,,/Users/mekot/mcp-files/timmeko-dot-com/flickr/circuit_5147010781_o.jpg,,more,Circuit,/assets/images/more-circuit_5147010781_o.jpg,/Users/mekot/mcp-files/timmeko-dot-com/flickr/circuit_5147010781_o.jpg
Columbus at a glance,8/3/09,https://flickr.com/photos/timmeko/3785517955/,A single day in the 'On the brink' series.,/Users/mekot/mcp-files/timmeko-dot-com/flickr/columbus-at-a-glance_3785517955_o.jpg,,more,Columbus at a glance,/assets/images/more-columbus-at-a-glance_3785517955_o.jpg,/Users/mekot/mcp-files/timmeko-dot-com/flickr/columbus-at-a-glance_3785517955_o.jpg
Comfest,1/30/10,https://flickr.com/photos/timmeko/4314469833/,illustration for Columbus' annual 'community festival.' Everything was drawn in Adobe Illustrator.,/Users/mekot/mcp-files/timmeko-dot-com/flickr/comfest_4314469833_o.jpg,1,more,Comfest,/assets/images/more-comfest_4314469833_o.jpg,/Users/mekot/mcp-files/timmeko-dot-com/flickr/comfest_4314469833_o.jpg
Countering counterfeiters,1/21/10,https://flickr.com/photos/timmeko/4291691541/,The anti-counterfeiting measures used in modern US currency.,/Users/mekot/mcp-files/timmeko-dot-com/flickr/countering-counterfeiters_4291691541_o.jpg,,more,Countering counterfeiters,/assets/images/more-countering-counterfeiters_4291691541_o.jpg,/Users/mekot/mcp-files/timmeko-dot-com/flickr/countering-counterfeiters_4291691541_o.jpg
Counting down to zero,8/3/09,https://flickr.com/photos/timmeko/3785522615/,Ways to make your home carbon neutral.,/Users/mekot/mcp-files/timmeko-dot-com/flickr/counting-down-to-zero_3785522615_o.jpg,1,more,Counting down to zero,/assets/images/more-counting-down-to-zero_3785522615_o.jpg,/Users/mekot/mcp-files/timmeko-dot-com/flickr/counting-down-to-zero_3785522615_o.jpg
Cracking the Codes,3/2/13,https://flickr.com/photos/timmeko/8522010140/,Illustration developed for The Center for Public Integrity.,/Users/mekot/mcp-files/timmeko-dot-com/flickr/cracking-the-codes_8522010140_l.jpg,1,more,Cracking the Codes,/assets/images/more-cracking-the-codes_8522010140_l.jpg,/Users/mekot/mcp-files/timmeko-dot-com/flickr/cracking-the-codes_8522010140_l.jpg
Death Perceptions,8/4/09,https://flickr.com/photos/timmeko/3788353233/,"I designed and programmed this interactive package about those who deal with death on a daily basis as part of their jobs. Features included video, interactive graphics and databases. www.dispatch.com/death",/Users/mekot/mcp-files/timmeko-dot-com/flickr/death-perceptions_3788353233_o.png,,more,Death Perceptions,/assets/images/more-death-perceptions_3788353233_o.png,/Users/mekot/mcp-files/timmeko-dot-com/flickr/death-perceptions_3788353233_o.png
Digitizing Abuse,3/26/13,https://flickr.com/photos/timmeko/8591545717/,One in four teens in a relationship are abused via technology. (illustrations by Daniel Wolfe),/Users/mekot/mcp-files/timmeko-dot-com/flickr/digitizing-abuse_8591545717_o.jpg,,more,Digitizing Abuse,/assets/images/more-digitizing-abuse_8591545717_o.jpg,/Users/mekot/mcp-files/timmeko-dot-com/flickr/digitizing-abuse_8591545717_o.jpg
Eclipsing Hank,1/30/10,https://flickr.com/photos/timmeko/4314470075/,prototype for the day that Barry Bonds surpassed Hank Aaron's home run record,/Users/mekot/mcp-files/timmeko-dot-com/flickr/eclipsing-hank_4314470075_o.jpg,,more,Eclipsing Hank,/assets/images/more-eclipsing-hank_4314470075_o.jpg,/Users/mekot/mcp-files/timmeko-dot-com/flickr/eclipsing-hank_4314470075_o.jpg
El Nino,9/11/09,https://flickr.com/photos/timmeko/3909054779/,,/Users/mekot/mcp-files/timmeko-dot-com/flickr/el-nino_3909054779_o.jpg,,more,El Nino,/assets/images/more-el-nino_3909054779_o.jpg,/Users/mekot/mcp-files/timmeko-dot-com/flickr/el-nino_3909054779_o.jpg
Empty boots,1/30/10,https://flickr.com/photos/timmeko/4315205826/,Illustration about the toll in iraq.,/Users/mekot/mcp-files/timmeko-dot-com/flickr/empty-boots_4315205826_o.jpg,,more,Empty boots,/assets/images/more-empty-boots_4315205826_o.jpg,/Users/mekot/mcp-files/timmeko-dot-com/flickr/empty-boots_4315205826_o.jpg
Energy in Virginia,8/25/11,https://flickr.com/photos/timmeko/6080829654/,Poster that I created for the Science Museum of Virginia that displays everything about energy in Virginia. A super-high resolution zoomable version is available here: zoom.it/Vzn9,/Users/mekot/mcp-files/timmeko-dot-com/flickr/energy-in-virginia_6080829654_o.jpg,1,more,Energy in Virginia,/assets/images/more-energy-in-virginia_6080829654_o.jpg,/Users/mekot/mcp-files/timmeko-dot-com/flickr/energy-in-virginia_6080829654_o.jpg
Evapotranspiration ratio vs precipitation,9/11/09,https://flickr.com/photos/timmeko/3909050309/,,/Users/mekot/mcp-files/timmeko-dot-com/flickr/evapotranspiration-ratio-vs-precipitation_3909050309_o.jpg,,more,Evapotranspiration ratio vs precipitation,/assets/images/more-evapotranspiration-ratio-vs-precipitation_3909050309_o.jpg,/Users/mekot/mcp-files/timmeko-dot-com/flickr/evapotranspiration-ratio-vs-precipitation_3909050309_o.jpg
Exploring the buckeye state,8/3/09,https://flickr.com/photos/timmeko/3785534349/,"This was a bi-monthly graphic that Tom Baker and I worked on. Each month, we would profile a different state (in the order they were granted statehood).",/Users/mekot/mcp-files/timmeko-dot-com/flickr/exploring-the-buckeye-state_3785534349_o.jpg,1,more,Exploring the buckeye state,/assets/images/more-exploring-the-buckeye-state_3785534349_o.jpg,/Users/mekot/mcp-files/timmeko-dot-com/flickr/exploring-the-buckeye-state_3785534349_o.jpg
Feeling the sting,1/30/10,https://flickr.com/photos/timmeko/4314470041/,Illustration centerpiece design about the declining honey bee population,/Users/mekot/mcp-files/timmeko-dot-com/flickr/feeling-the-sting_4314470041_o.jpg,1,more,Feeling the sting,/assets/images/more-feeling-the-sting_4314470041_o.jpg,/Users/mekot/mcp-files/timmeko-dot-com/flickr/feeling-the-sting_4314470041_o.jpg
Financing Public Higher Education,12/14/15,https://flickr.com/photos/timmeko/23121189894/,webapp.urban.org/higher-education/,/Users/mekot/mcp-files/timmeko-dot-com/flickr/financing-public-higher-education_23121189894_o.png,,more,Financing Public Higher Education,/assets/images/more-financing-public-higher-education_23121189894_o.png,/Users/mekot/mcp-files/timmeko-dot-com/flickr/financing-public-higher-education_23121189894_o.png
Financing Public Higher Education,12/14/15,https://flickr.com/photos/timmeko/23640836402/,webapp.urban.org/higher-education/,/Users/mekot/mcp-files/timmeko-dot-com/flickr/financing-public-higher-education_23640836402_o.png,,more,Financing Public Higher Education,/assets/images/more-financing-public-higher-education_23640836402_o.png,/Users/mekot/mcp-files/timmeko-dot-com/flickr/financing-public-higher-education_23640836402_o.png
Financing Public Higher Education,12/14/15,https://flickr.com/photos/timmeko/23749329095/,webapp.urban.org/higher-education/,/Users/mekot/mcp-files/timmeko-dot-com/flickr/financing-public-higher-education_23749329095_o.png,,more,Financing Public Higher Education,/assets/images/more-financing-public-higher-education_23749329095_o.png,/Users/mekot/mcp-files/timmeko-dot-com/flickr/financing-public-higher-education_23749329095_o.png
Flora,9/11/09,https://flickr.com/photos/timmeko/3909049075/,,/Users/mekot/mcp-files/timmeko-dot-com/flickr/flora_3909049075_o.jpg,1,more,Flora,/assets/images/more-flora_3909049075_o.jpg,/Users/mekot/mcp-files/timmeko-dot-com/flickr/flora_3909049075_o.jpg
Following the Donors Trust Money Trail,3/26/13,https://flickr.com/photos/timmeko/8592634082/,Interactive diagram for the Center for Public Integrity: www.publicintegrity.org/2013/02/14/12151/following-donors...,/Users/mekot/mcp-files/timmeko-dot-com/flickr/following-the-donors-trust-money-trail_8592634082_o.png,1,more,Following the Donors Trust Money Trail,/assets/images/more-following-the-donors-trust-money-trail_8592634082_o.png,/Users/mekot/mcp-files/timmeko-dot-com/flickr/following-the-donors-trust-money-trail_8592634082_o.png
Fraser river,8/3/09,https://flickr.com/photos/timmeko/3785524521/,,/Users/mekot/mcp-files/timmeko-dot-com/flickr/fraser-river_3785524521_o.jpg,,more,Fraser river,/assets/images/more-fraser-river_3785524521_o.jpg,/Users/mekot/mcp-files/timmeko-dot-com/flickr/fraser-river_3785524521_o.jpg
Geology of Natural Gas Resources,9/2/11,https://flickr.com/photos/timmeko/6106057777/,,/Users/mekot/mcp-files/timmeko-dot-com/flickr/geology-of-natural-gas-resources_6106057777_o.jpg,1,more,Geology of Natural Gas Resources,/assets/images/more-geology-of-natural-gas-resources_6106057777_o.jpg,/Users/mekot/mcp-files/timmeko-dot-com/flickr/geology-of-natural-gas-resources_6106057777_o.jpg
Getting bigger,1/30/10,https://flickr.com/photos/timmeko/4314470011/,A1 design of fictional Athens Ohio newspaper that I designed from the ground up,/Users/mekot/mcp-files/timmeko-dot-com/flickr/getting-bigger_4314470011_o.jpg,,more,Getting bigger,/assets/images/more-getting-bigger_4314470011_o.jpg,/Users/mekot/mcp-files/timmeko-dot-com/flickr/getting-bigger_4314470011_o.jpg
Ghana,8/28/12,https://flickr.com/photos/timmeko/7880054990/,Map of Ghana for a UI proposal,/Users/mekot/mcp-files/timmeko-dot-com/flickr/ghana_7880054990_o.jpg,,more,Ghana,/assets/images/more-ghana_7880054990_o.jpg,/Users/mekot/mcp-files/timmeko-dot-com/flickr/ghana_7880054990_o.jpg
Golden Toad,11/5/10,https://flickr.com/photos/timmeko/5147621600/,,/Users/mekot/mcp-files/timmeko-dot-com/flickr/golden-toad_5147621600_o.jpg,,more,Golden Toad,/assets/images/more-golden-toad_5147621600_o.jpg,/Users/mekot/mcp-files/timmeko-dot-com/flickr/golden-toad_5147621600_o.jpg
Grand Canyon,8/3/09,https://flickr.com/photos/timmeko/3786329560/,,/Users/mekot/mcp-files/timmeko-dot-com/flickr/grand-canyon_3786329560_o.jpg,,more,Grand Canyon,/assets/images/more-grand-canyon_3786329560_o.jpg,/Users/mekot/mcp-files/timmeko-dot-com/flickr/grand-canyon_3786329560_o.jpg
Great smoky mountains,8/3/09,https://flickr.com/photos/timmeko/3785530843/,,/Users/mekot/mcp-files/timmeko-dot-com/flickr/great-smoky-mountains_3785530843_o.jpg,,more,Great smoky mountains,/assets/images/more-great-smoky-mountains_3785530843_o.jpg,/Users/mekot/mcp-files/timmeko-dot-com/flickr/great-smoky-mountains_3785530843_o.jpg
Greenhouse Gases,11/5/10,https://flickr.com/photos/timmeko/5147010881/,A look at global greenhouse gas emissions,/Users/mekot/mcp-files/timmeko-dot-com/flickr/greenhouse-gases_5147010881_o.jpg,,more,Greenhouse Gases,/assets/images/more-greenhouse-gases_5147010881_o.jpg,/Users/mekot/mcp-files/timmeko-dot-com/flickr/greenhouse-gases_5147010881_o.jpg
Hoop dreams,8/3/09,https://flickr.com/photos/timmeko/3785535077/,Locating every high school to ever appear in the state basketball final four. The sports editor and I spent two days plotting every school.,/Users/mekot/mcp-files/timmeko-dot-com/flickr/hoop-dreams_3785535077_o.jpg,1,more,Hoop dreams,/assets/images/more-hoop-dreams_3785535077_o.jpg,/Users/mekot/mcp-files/timmeko-dot-com/flickr/hoop-dreams_3785535077_o.jpg
How a Lightstick works,11/5/10,https://flickr.com/photos/timmeko/5147613976/,,/Users/mekot/mcp-files/timmeko-dot-com/flickr/how-a-lightstick-works_5147613976_o.jpg,,more,How a Lightstick works,/assets/images/more-how-a-lightstick-works_5147613976_o.jpg,/Users/mekot/mcp-files/timmeko-dot-com/flickr/how-a-lightstick-works_5147613976_o.jpg
How your district did,9/7/09,https://flickr.com/photos/timmeko/3897719620/,An interactive list of central Ohio's school districts and thier scores on the 2009 school report card. This interactive package was built in order to be updated quickly from a spreadsheet file. Modifying and updating for another purpose would take no more than five minutes.,/Users/mekot/mcp-files/timmeko-dot-com/flickr/how-your-district-did_3897719620_o.png,,more,How your district did,/assets/images/more-how-your-district-did_3897719620_o.png,/Users/mekot/mcp-files/timmeko-dot-com/flickr/how-your-district-did_3897719620_o.png
Human Trafficking,8/4/09,https://flickr.com/photos/timmeko/3788354829/,Interactive package about human trafficking in central Ohio. audio.dispatch.com/flash/human_trafficking/trafficking.html,/Users/mekot/mcp-files/timmeko-dot-com/flickr/human-trafficking_3788354829_o.png,,more,Human Trafficking,/assets/images/more-human-trafficking_3788354829_o.png,/Users/mekot/mcp-files/timmeko-dot-com/flickr/human-trafficking_3788354829_o.png
Huntington Park: An Insiders view,8/4/09,https://flickr.com/photos/timmeko/3789165210/,Interactive look at the new Columbus Clippers baseball park. I shot 360 degree panoramic photographs from eight points within the park. audio.dispatch.com/flash/huntington/huntington.html,/Users/mekot/mcp-files/timmeko-dot-com/flickr/huntington-park-an-insiders-view_3789165210_o.png,1,more,Huntington Park: An Insiders view,/assets/images/more-huntington-park-an-insiders-view_3789165210_o.png,/Users/mekot/mcp-files/timmeko-dot-com/flickr/huntington-park-an-insiders-view_3789165210_o.png
Huntington Park,8/3/09,https://flickr.com/photos/timmeko/3785532451/,,/Users/mekot/mcp-files/timmeko-dot-com/flickr/huntington-park_3785532451_o.jpg,,more,Huntington Park,/assets/images/more-huntington-park_3785532451_o.jpg,/Users/mekot/mcp-files/timmeko-dot-com/flickr/huntington-park_3785532451_o.jpg
Ice melt,1/21/10,https://flickr.com/photos/timmeko/4291692731/,Showing how glaciers have melted in Peru due to global warming.,/Users/mekot/mcp-files/timmeko-dot-com/flickr/ice-melt_4291692731_o.jpg,,more,Ice melt,/assets/images/more-ice-melt_4291692731_o.jpg,/Users/mekot/mcp-files/timmeko-dot-com/flickr/ice-melt_4291692731_o.jpg
In the groove,1/21/10,https://flickr.com/photos/timmeko/4292431022/,The PGA is enacting new rules that change the way the grooves on the club face can be shaped.,/Users/mekot/mcp-files/timmeko-dot-com/flickr/in-the-groove_4292431022_o.jpg,1,more,In the groove,/assets/images/more-in-the-groove_4292431022_o.jpg,/Users/mekot/mcp-files/timmeko-dot-com/flickr/in-the-groove_4292431022_o.jpg
Increasing door security,3/3/10,https://flickr.com/photos/timmeko/4404171179/,A look at a few ways to bulk up your doors.,/Users/mekot/mcp-files/timmeko-dot-com/flickr/increasing-door-security_4404171179_o.jpg,1,more,Increasing door security,/assets/images/more-increasing-door-security_4404171179_o.jpg,/Users/mekot/mcp-files/timmeko-dot-com/flickr/increasing-door-security_4404171179_o.jpg
Inflation,8/3/09,https://flickr.com/photos/timmeko/3785517215/,A look at inflation over the past few years.,/Users/mekot/mcp-files/timmeko-dot-com/flickr/inflation_3785517215_o.jpg,,more,Inflation,/assets/images/more-inflation_3785517215_o.jpg,/Users/mekot/mcp-files/timmeko-dot-com/flickr/inflation_3785517215_o.jpg
Initial Income Eligibility Thresholds,2/21/12,https://flickr.com/photos/timmeko/6916573493/,Design mockup for interactive map.,/Users/mekot/mcp-files/timmeko-dot-com/flickr/initial-income-eligibility-thresholds_6916573493_o.jpg,,more,Initial Income Eligibility Thresholds,/assets/images/more-initial-income-eligibility-thresholds_6916573493_o.jpg,/Users/mekot/mcp-files/timmeko-dot-com/flickr/initial-income-eligibility-thresholds_6916573493_o.jpg
Inside a scrubber,8/3/09,https://flickr.com/photos/timmeko/3785528835/,,/Users/mekot/mcp-files/timmeko-dot-com/flickr/inside-a-scrubber_3785528835_o.jpg,1,more,Inside a scrubber,/assets/images/more-inside-a-scrubber_3785528835_o.jpg,/Users/mekot/mcp-files/timmeko-dot-com/flickr/inside-a-scrubber_3785528835_o.jpg
Inside the Conclave,2/28/13,https://flickr.com/photos/timmeko/8515024519/,The world watches with interest as cardinals gather in conclave to elect the next pope. This infographic was produced for the Catholic News Service.    The making of video can be seen here: youtu.be/-HfeVTVHdUk,/Users/mekot/mcp-files/timmeko-dot-com/flickr/inside-the-conclave_8515024519_o.jpg,1,more,Inside the Conclave,/assets/images/more-inside-the-conclave_8515024519_o.jpg,/Users/mekot/mcp-files/timmeko-dot-com/flickr/inside-the-conclave_8515024519_o.jpg
Interactive graphics,8/4/09,https://flickr.com/photos/timmeko/3788352297/,"I designed and programmed this interactive package about Buster Douglas, a Columbus native. Features include an interactive timeline with archived stories, photos and other content. video",/Users/mekot/mcp-files/timmeko-dot-com/flickr/interactive-graphics_3788352297_o.png,,more,Interactive graphics,/assets/images/more-interactive-graphics_3788352297_o.png,/Users/mekot/mcp-files/timmeko-dot-com/flickr/interactive-graphics_3788352297_o.png
Knee ligaments,1/21/10,https://flickr.com/photos/timmeko/4292432388/,Showing the ligaments of the knee.,/Users/mekot/mcp-files/timmeko-dot-com/flickr/knee-ligaments_4292432388_o.jpg,,more,Knee ligaments,/assets/images/more-knee-ligaments_4292432388_o.jpg,/Users/mekot/mcp-files/timmeko-dot-com/flickr/knee-ligaments_4292432388_o.jpg
Lake testing,9/7/09,https://flickr.com/photos/timmeko/3896989871/,A look at the different tools that the Ohio EPA uses to examine the water quality in Ohio's inland lakes.,/Users/mekot/mcp-files/timmeko-dot-com/flickr/lake-testing_3896989871_o.jpg,1,more,Lake testing,/assets/images/more-lake-testing_3896989871_o.jpg,/Users/mekot/mcp-files/timmeko-dot-com/flickr/lake-testing_3896989871_o.jpg
LeVeque penthouse,8/3/09,https://flickr.com/photos/timmeko/3785529613/,"The penthouse in the LeVeque tower in downtown Columbus was up for rent. Exactly what does $4,000 a month get you?",/Users/mekot/mcp-files/timmeko-dot-com/flickr/leveque-penthouse_3785529613_o.jpg,,more,LeVeque penthouse,/assets/images/more-leveque-penthouse_3785529613_o.jpg,/Users/mekot/mcp-files/timmeko-dot-com/flickr/leveque-penthouse_3785529613_o.jpg
Local Medicaid Expansion Estimates,2/25/14,https://flickr.com/photos/timmeko/12779437535/,"Wide Local Variation in Numbers of Poor Uninsured Americans Who Would Be Eligible for Medicaid if States Opt for ACA Expansion Created with ArcMap, Tilemill, Mapbox and HTML Full map here: www.urban.org/health_policy/health_care_reform/localmedic...",/Users/mekot/mcp-files/timmeko-dot-com/flickr/local-medicaid-expansion-estimates_12779437535_o.png,,more,Local Medicaid Expansion Estimates,/assets/images/more-local-medicaid-expansion-estimates_12779437535_o.png,/Users/mekot/mcp-files/timmeko-dot-com/flickr/local-medicaid-expansion-estimates_12779437535_o.png
Lost amphibians,11/5/10,https://flickr.com/photos/timmeko/5147018449/,,/Users/mekot/mcp-files/timmeko-dot-com/flickr/lost-amphibians_5147018449_o.jpg,1,more,Lost amphibians,/assets/images/more-lost-amphibians_5147018449_o.jpg,/Users/mekot/mcp-files/timmeko-dot-com/flickr/lost-amphibians_5147018449_o.jpg
Luxembourg Leaks,2/17/15,https://flickr.com/photos/timmeko/16375553767/,For ICIJ,/Users/mekot/mcp-files/timmeko-dot-com/flickr/luxembourg-leaks_16375553767_l.jpg,,more,Luxembourg Leaks,/assets/images/more-luxembourg-leaks_16375553767_l.jpg,/Users/mekot/mcp-files/timmeko-dot-com/flickr/luxembourg-leaks_16375553767_l.jpg
Mapping America's Rental Housing Crisis,3/4/14,https://flickr.com/photos/timmeko/12938139454/,"Interactive map: www.urban.org/housingaffordability/ Many Americans struggle to afford a decent, safe place to live in today’s market. Over the past five years, rents have risen while the number of renters who need moderately priced housing has increased. These two pressures make finding affordable housing even tougher for the very poor households in America. For every 100 extremely low-income (ELI) renter households in the country, there are only 29 affordable and available rental units. Extremely low-income households—a definition used by the U.S. Department of Housing and Urban Development (HUD)—earn 30 percent of area median income or less. Depending on the area of the country, for a family of four, this translates into incomes of less than $7,450 to $33,300.",/Users/mekot/mcp-files/timmeko-dot-com/flickr/mapping-americas-rental-housing-crisis_12938139454_o.png,1,more,Mapping America's Rental Housing Crisis,/assets/images/more-mapping-americas-rental-housing-crisis_12938139454_o.png,/Users/mekot/mcp-files/timmeko-dot-com/flickr/mapping-americas-rental-housing-crisis_12938139454_o.png
Mapping Inequality in NYC,12/14/15,https://flickr.com/photos/timmeko/23666975871/,www.urban.org/interactive-map-where-are-unbanked-and-unde...,/Users/mekot/mcp-files/timmeko-dot-com/flickr/mapping-inequality-in-nyc_23666975871_o.png,1,more,Mapping Inequality in NYC,/assets/images/more-mapping-inequality-in-nyc_23666975871_o.png,/Users/mekot/mcp-files/timmeko-dot-com/flickr/mapping-inequality-in-nyc_23666975871_o.png
Mapping mutations,8/3/09,https://flickr.com/photos/timmeko/3786336118/,,/Users/mekot/mcp-files/timmeko-dot-com/flickr/mapping-mutations_3786336118_o.jpg,,more,Mapping mutations,/assets/images/more-mapping-mutations_3786336118_o.jpg,/Users/mekot/mcp-files/timmeko-dot-com/flickr/mapping-mutations_3786336118_o.jpg
Medicare Advantage Money Grab,2/17/15,https://flickr.com/photos/timmeko/16535471136/,,/Users/mekot/mcp-files/timmeko-dot-com/flickr/medicare-advantage-money-grab_16535471136_l.jpg,,more,Medicare Advantage Money Grab,/assets/images/more-medicare-advantage-money-grab_16535471136_l.jpg,/Users/mekot/mcp-files/timmeko-dot-com/flickr/medicare-advantage-money-grab_16535471136_l.jpg
NCAA 09 special section,8/3/09,https://flickr.com/photos/timmeko/3786325520/,2009 NCAA basketball tournament special section cover. This is based on a design I did as a student at Ohio University.,/Users/mekot/mcp-files/timmeko-dot-com/flickr/ncaa-09-special-section_3786325520_o.jpg,1,more,NCAA 09 special section,/assets/images/more-ncaa-09-special-section_3786325520_o.jpg,/Users/mekot/mcp-files/timmeko-dot-com/flickr/ncaa-09-special-section_3786325520_o.jpg
NCAA special section front,1/30/10,https://flickr.com/photos/timmeko/4314469925/,Original design (2007) while I was a student at OU. This won the first place in the Michigan State SND student design competition that year.,/Users/mekot/mcp-files/timmeko-dot-com/flickr/ncaa-special-section-front_4314469925_o.jpg,1,more,NCAA special section front,/assets/images/more-ncaa-special-section-front_4314469925_o.jpg,/Users/mekot/mcp-files/timmeko-dot-com/flickr/ncaa-special-section-front_4314469925_o.jpg
NCDB: Housing Burden,12/14/15,https://flickr.com/photos/timmeko/23640836552/,datatools.urban.org/features/ncdb/rent-burden-high-in-us-...,/Users/mekot/mcp-files/timmeko-dot-com/flickr/ncdb-housing-burden_23640836552_o.png,,more,NCDB: Housing Burden,/assets/images/more-ncdb-housing-burden_23640836552_o.png,/Users/mekot/mcp-files/timmeko-dot-com/flickr/ncdb-housing-burden_23640836552_o.png
NCDB: Immigration,12/14/15,https://flickr.com/photos/timmeko/23723218516/,datatools.urban.org/features/ncdb/immigrants-reshaping-re...,/Users/mekot/mcp-files/timmeko-dot-com/flickr/ncdb-immigration_23723218516_o.png,,more,NCDB: Immigration,/assets/images/more-ncdb-immigration_23723218516_o.png,/Users/mekot/mcp-files/timmeko-dot-com/flickr/ncdb-immigration_23723218516_o.png
Nine Charts about Wealth Inequality,12/14/15,https://flickr.com/photos/timmeko/23453639040/,datatools.urban.org/Features/wealth-inequality-charts/,/Users/mekot/mcp-files/timmeko-dot-com/flickr/nine-charts-about-wealth-inequality_23453639040_o.png,1,more,Nine Charts about Wealth Inequality,/assets/images/more-nine-charts-about-wealth-inequality_23453639040_o.png,/Users/mekot/mcp-files/timmeko-dot-com/flickr/nine-charts-about-wealth-inequality_23453639040_o.png
North America,9/7/09,https://flickr.com/photos/timmeko/3896987491/,An experiment with image mapping. The texture map was developed in Photoshop and borders were added prior to rendering in Bryce 6.0.,/Users/mekot/mcp-files/timmeko-dot-com/flickr/north-america_3896987491_o.jpg,,more,North America,/assets/images/more-north-america_3896987491_o.jpg,/Users/mekot/mcp-files/timmeko-dot-com/flickr/north-america_3896987491_o.jpg
Nuclear Waste,2/17/15,https://flickr.com/photos/timmeko/16373879078/,for CPI,/Users/mekot/mcp-files/timmeko-dot-com/flickr/nuclear-waste_16373879078_l.jpg,,more,Nuclear Waste,/assets/images/more-nuclear-waste_16373879078_l.jpg,/Users/mekot/mcp-files/timmeko-dot-com/flickr/nuclear-waste_16373879078_l.jpg
Ohio's hoops history,8/4/09,https://flickr.com/photos/timmeko/3789162740/,"I designed and programmed this interactive graphic. It shows every school in Ohio and how many times they advanced to the high-school final four, or how many championships they won. This project was very data-intensive. www.dispatch.com/live/content/multimedia//graphics/2008/b...",/Users/mekot/mcp-files/timmeko-dot-com/flickr/ohios-hoops-history_3789162740_o.png,1,more,Ohio's hoops history,/assets/images/more-ohios-hoops-history_3789162740_o.png,/Users/mekot/mcp-files/timmeko-dot-com/flickr/ohios-hoops-history_3789162740_o.png
Ohio's most dangerous bridges,8/3/09,https://flickr.com/photos/timmeko/3786330380/,"Ohio's most dangerous bridges. I also photographed the inset photo, which is a bridge in my hometown of Russell, Kentucky.",/Users/mekot/mcp-files/timmeko-dot-com/flickr/ohios-most-dangerous-bridges_3786330380_o.jpg,1,more,Ohio's most dangerous bridges,/assets/images/more-ohios-most-dangerous-bridges_3786330380_o.jpg,/Users/mekot/mcp-files/timmeko-dot-com/flickr/ohios-most-dangerous-bridges_3786330380_o.jpg
Ohio's presidential primary,8/4/09,https://flickr.com/photos/timmeko/3789161532/,Automatically updated map that was created as one of the Dispatch's first interactive graphics.,/Users/mekot/mcp-files/timmeko-dot-com/flickr/ohios-presidential-primary_3789161532_o.png,,more,Ohio's presidential primary,/assets/images/more-ohios-presidential-primary_3789161532_o.png,/Users/mekot/mcp-files/timmeko-dot-com/flickr/ohios-presidential-primary_3789161532_o.png
Oil and Natural Gas formation,11/5/10,https://flickr.com/photos/timmeko/5147614068/,A look at how oil and natural gas were formed,/Users/mekot/mcp-files/timmeko-dot-com/flickr/oil-and-natural-gas-formation_5147614068_o.jpg,1,more,Oil and Natural Gas formation,/assets/images/more-oil-and-natural-gas-formation_5147614068_o.jpg,/Users/mekot/mcp-files/timmeko-dot-com/flickr/oil-and-natural-gas-formation_5147614068_o.jpg
Old bones,8/3/09,https://flickr.com/photos/timmeko/3786327194/,Mastodon bones were found in western Ohio. Which ones they recovered.,/Users/mekot/mcp-files/timmeko-dot-com/flickr/old-bones_3786327194_o.jpg,1,more,Old bones,/assets/images/more-old-bones_3786327194_o.jpg,/Users/mekot/mcp-files/timmeko-dot-com/flickr/old-bones_3786327194_o.jpg
On the brink: Can Ohio's big cities be saved?,8/4/09,https://flickr.com/photos/timmeko/3789161438/,The Dispatch's first major interactive graphic. This graphic had information about every large city in Ohio. I also designed the accompanying print graphics.,/Users/mekot/mcp-files/timmeko-dot-com/flickr/on-the-brink-can-ohios-big-cities-be-saved_3789161438_o.png,1,more,On the brink: Can Ohio's big cities be saved?,/assets/images/more-on-the-brink-can-ohios-big-cities-be-saved_3789161438_o.png,/Users/mekot/mcp-files/timmeko-dot-com/flickr/on-the-brink-can-ohios-big-cities-be-saved_3789161438_o.png
OSU medical center,9/23/09,https://flickr.com/photos/timmeko/3946344010/,,/Users/mekot/mcp-files/timmeko-dot-com/flickr/osu-medical-center_3946344010_o.jpg,,more,OSU medical center,/assets/images/more-osu-medical-center_3946344010_o.jpg,/Users/mekot/mcp-files/timmeko-dot-com/flickr/osu-medical-center_3946344010_o.jpg
Patagonia spread 1,1/28/10,https://flickr.com/photos/timmeko/4311238941/,A mockup magazine spread for National Geographic Traveller magazine.,/Users/mekot/mcp-files/timmeko-dot-com/flickr/patagonia-spread-1_4311238941_o.png,,more,Patagonia spread 1,/assets/images/more-patagonia-spread-1_4311238941_o.png,/Users/mekot/mcp-files/timmeko-dot-com/flickr/patagonia-spread-1_4311238941_o.png
Patagonia spread 2,1/28/10,https://flickr.com/photos/timmeko/4311241019/,A mockup magazine spread for National Geographic Traveller magazine.,/Users/mekot/mcp-files/timmeko-dot-com/flickr/patagonia-spread-2_4311241019_o.png,,more,Patagonia spread 2,/assets/images/more-patagonia-spread-2_4311241019_o.png,/Users/mekot/mcp-files/timmeko-dot-com/flickr/patagonia-spread-2_4311241019_o.png
Patagonia spread 3,1/28/10,https://flickr.com/photos/timmeko/4311976454/,A mockup magazine spread for National Geographic Traveller magazine.,/Users/mekot/mcp-files/timmeko-dot-com/flickr/patagonia-spread-3_4311976454_o.png,,more,Patagonia spread 3,/assets/images/more-patagonia-spread-3_4311976454_o.png,/Users/mekot/mcp-files/timmeko-dot-com/flickr/patagonia-spread-3_4311976454_o.png
Patagonia spread 4,1/28/10,https://flickr.com/photos/timmeko/4311977312/,A mockup magazine spread for National Geographic Traveller magazine.,/Users/mekot/mcp-files/timmeko-dot-com/flickr/patagonia-spread-4_4311977312_o.png,,more,Patagonia spread 4,/assets/images/more-patagonia-spread-4_4311977312_o.png,/Users/mekot/mcp-files/timmeko-dot-com/flickr/patagonia-spread-4_4311977312_o.png
Patagonia,1/30/10,https://flickr.com/photos/timmeko/4315205910/,Pull-out travel guide for Patagonia.,/Users/mekot/mcp-files/timmeko-dot-com/flickr/patagonia_4315205910_o.jpg,,more,Patagonia,/assets/images/more-patagonia_4315205910_o.jpg,/Users/mekot/mcp-files/timmeko-dot-com/flickr/patagonia_4315205910_o.jpg
People's Republic of Offshore,2/17/15,https://flickr.com/photos/timmeko/16374028430/,For ICIJ,/Users/mekot/mcp-files/timmeko-dot-com/flickr/peoples-republic-of-offshore_16374028430_l.jpg,,more,People's Republic of Offshore,/assets/images/more-peoples-republic-of-offshore_16374028430_l.jpg,/Users/mekot/mcp-files/timmeko-dot-com/flickr/peoples-republic-of-offshore_16374028430_l.jpg
Play of the week,9/23/09,https://flickr.com/photos/timmeko/3945560827/,The highlighted play of the week for the Gameday+ sports package that publishes each week of football season.,/Users/mekot/mcp-files/timmeko-dot-com/flickr/play-of-the-week_3945560827_o.jpg,,more,Play of the week,/assets/images/more-play-of-the-week_3945560827_o.jpg,/Users/mekot/mcp-files/timmeko-dot-com/flickr/play-of-the-week_3945560827_o.jpg
Primary Source,3/2/13,https://flickr.com/photos/timmeko/8520900953/,Illustration developed for The Center for Public Integrity.,/Users/mekot/mcp-files/timmeko-dot-com/flickr/primary-source_8520900953_l.jpg,,more,Primary Source,/assets/images/more-primary-source_8520900953_l.jpg,/Users/mekot/mcp-files/timmeko-dot-com/flickr/primary-source_8520900953_l.jpg
Prince George's County Map Mockup,2/21/12,https://flickr.com/photos/timmeko/6916573971/,Design mockup for an interactive map,/Users/mekot/mcp-files/timmeko-dot-com/flickr/prince-georges-county-map-mockup_6916573971_o.jpg,,more,Prince George's County Map Mockup,/assets/images/more-prince-georges-county-map-mockup_6916573971_o.jpg,/Users/mekot/mcp-files/timmeko-dot-com/flickr/prince-georges-county-map-mockup_6916573971_o.jpg
Puppet States,2/17/15,https://flickr.com/photos/timmeko/16561555965/,for CPI,/Users/mekot/mcp-files/timmeko-dot-com/flickr/puppet-states_16561555965_l.jpg,,more,Puppet States,/assets/images/more-puppet-states_16561555965_l.jpg,/Users/mekot/mcp-files/timmeko-dot-com/flickr/puppet-states_16561555965_l.jpg
Rain shadow,9/11/09,https://flickr.com/photos/timmeko/3909834888/,,/Users/mekot/mcp-files/timmeko-dot-com/flickr/rain-shadow_3909834888_o.jpg,,more,Rain shadow,/assets/images/more-rain-shadow_3909834888_o.jpg,/Users/mekot/mcp-files/timmeko-dot-com/flickr/rain-shadow_3909834888_o.jpg
REDD+,11/5/10,https://flickr.com/photos/timmeko/5147018561/,,/Users/mekot/mcp-files/timmeko-dot-com/flickr/redd_5147018561_o.jpg,,more,REDD+,/assets/images/more-redd_5147018561_o.jpg,/Users/mekot/mcp-files/timmeko-dot-com/flickr/redd_5147018561_o.jpg
Roundabout User's Guide,8/4/09,https://flickr.com/photos/timmeko/3789166058/,This interactive presentation showed users how to properly navigate a roundabout. Central Ohio has been adding new roundabouts with a fairly high frequency as a way to calm high-traffic intersections and this graphic can be used whenever a new roundabout is proposed. audio.dispatch.com/flash/roundabout/roundabout.swf,/Users/mekot/mcp-files/timmeko-dot-com/flickr/roundabout-users-guide_3789166058_o.png,,more,Roundabout User's Guide,/assets/images/more-roundabout-users-guide_3789166058_o.png,/Users/mekot/mcp-files/timmeko-dot-com/flickr/roundabout-users-guide_3789166058_o.png
Rub-on vaccine,8/3/09,https://flickr.com/photos/timmeko/3785525773/,Explaining how a revolutionary new vaccine works.,/Users/mekot/mcp-files/timmeko-dot-com/flickr/rub-on-vaccine_3785525773_o.jpg,,more,Rub-on vaccine,/assets/images/more-rub-on-vaccine_3785525773_o.jpg,/Users/mekot/mcp-files/timmeko-dot-com/flickr/rub-on-vaccine_3785525773_o.jpg
Rust happens,9/1/09,https://flickr.com/photos/timmeko/3879828324/,A look at the process behind rust.,/Users/mekot/mcp-files/timmeko-dot-com/flickr/rust-happens_3879828324_o.jpg,1,more,Rust happens,/assets/images/more-rust-happens_3879828324_o.jpg,/Users/mekot/mcp-files/timmeko-dot-com/flickr/rust-happens_3879828324_o.jpg
Science of the Curl,3/3/10,https://flickr.com/photos/timmeko/4404934602/,A look at the science behind the Olympic sport of Curling.,/Users/mekot/mcp-files/timmeko-dot-com/flickr/science-of-the-curl_4404934602_o.jpg,1,more,Science of the Curl,/assets/images/more-science-of-the-curl_4404934602_o.jpg,/Users/mekot/mcp-files/timmeko-dot-com/flickr/science-of-the-curl_4404934602_o.jpg
Secrecy for Sale,2/17/15,https://flickr.com/photos/timmeko/15941340633/,for ICIJ,/Users/mekot/mcp-files/timmeko-dot-com/flickr/secrecy-for-sale_15941340633_l.jpg,1,more,Secrecy for Sale,/assets/images/more-secrecy-for-sale_15941340633_l.jpg,/Users/mekot/mcp-files/timmeko-dot-com/flickr/secrecy-for-sale_15941340633_l.jpg
Seeing the big picture,8/3/09,https://flickr.com/photos/timmeko/3786327988/,Panoramic photos—and how to take them. I shot this panoramic photo of Time Square in New York several years ago. It consists of approximately 50 images stitched together.,/Users/mekot/mcp-files/timmeko-dot-com/flickr/seeing-the-big-picture_3786327988_o.jpg,,more,Seeing the big picture,/assets/images/more-seeing-the-big-picture_3786327988_o.jpg,/Users/mekot/mcp-files/timmeko-dot-com/flickr/seeing-the-big-picture_3786327988_o.jpg
Sizing up the streetcars,8/3/09,https://flickr.com/photos/timmeko/3785528225/,,/Users/mekot/mcp-files/timmeko-dot-com/flickr/sizing-up-the-streetcars_3785528225_o.jpg,,more,Sizing up the streetcars,/assets/images/more-sizing-up-the-streetcars_3785528225_o.jpg,/Users/mekot/mcp-files/timmeko-dot-com/flickr/sizing-up-the-streetcars_3785528225_o.jpg
Snow acoustics,2/6/10,https://flickr.com/photos/timmeko/4334405107/,Why is it quieter when it snows?,/Users/mekot/mcp-files/timmeko-dot-com/flickr/snow-acoustics_4334405107_o.jpg,1,more,Snow acoustics,/assets/images/more-snow-acoustics_4334405107_o.jpg,/Users/mekot/mcp-files/timmeko-dot-com/flickr/snow-acoustics_4334405107_o.jpg
South-Western schools,8/4/09,https://flickr.com/photos/timmeko/3789161764/,interactive Google map created on deadline.,/Users/mekot/mcp-files/timmeko-dot-com/flickr/south-western-schools_3789161764_o.png,,more,South-Western schools,/assets/images/more-south-western-schools_3789161764_o.png,/Users/mekot/mcp-files/timmeko-dot-com/flickr/south-western-schools_3789161764_o.png
Sponsored Judicial Travel,3/28/13,https://flickr.com/photos/timmeko/8598328444/,Illustration for the Center for Public Integrity to accompany a story about corporate-sponsored judicial educational seminars.,/Users/mekot/mcp-files/timmeko-dot-com/flickr/sponsored-judicial-travel_8598328444_o.jpg,,more,Sponsored Judicial Travel,/assets/images/more-sponsored-judicial-travel_8598328444_o.jpg,/Users/mekot/mcp-files/timmeko-dot-com/flickr/sponsored-judicial-travel_8598328444_o.jpg
Spread of Chytrid Fungus in Central America,11/5/10,https://flickr.com/photos/timmeko/5147018465/,,/Users/mekot/mcp-files/timmeko-dot-com/flickr/spread-of-chytrid-fungus-in-central-america_5147018465_o.jpg,,more,Spread of Chytrid Fungus in Central America,/assets/images/more-spread-of-chytrid-fungus-in-central-america_5147018465_o.jpg,/Users/mekot/mcp-files/timmeko-dot-com/flickr/spread-of-chytrid-fungus-in-central-america_5147018465_o.jpg
Stag moose,8/3/09,https://flickr.com/photos/timmeko/3786329180/,,/Users/mekot/mcp-files/timmeko-dot-com/flickr/stag-moose_3786329180_o.jpg,1,more,Stag moose,/assets/images/more-stag-moose_3786329180_o.jpg,/Users/mekot/mcp-files/timmeko-dot-com/flickr/stag-moose_3786329180_o.jpg
State of Retirement Report Card,5/7/14,https://flickr.com/photos/timmeko/14129582011/,"Interactive data tool that explores state-funded pension plans. I designed and styled this interactive that is built with HTML, CSS, and Javacript. datatools.urban.org/features/SLEPP/index.html",/Users/mekot/mcp-files/timmeko-dot-com/flickr/state-of-retirement-report-card_14129582011_o.png,,more,State of Retirement Report Card,/assets/images/more-state-of-retirement-report-card_14129582011_o.png,/Users/mekot/mcp-files/timmeko-dot-com/flickr/state-of-retirement-report-card_14129582011_o.png
Stream,9/11/09,https://flickr.com/photos/timmeko/3909053841/,,/Users/mekot/mcp-files/timmeko-dot-com/flickr/stream_3909053841_o.jpg,,more,Stream,/assets/images/more-stream_3909053841_o.jpg,/Users/mekot/mcp-files/timmeko-dot-com/flickr/stream_3909053841_o.jpg
Swiss Leaks,2/17/15,https://flickr.com/photos/timmeko/16375215939/,For ICIJ,/Users/mekot/mcp-files/timmeko-dot-com/flickr/swiss-leaks_16375215939_l.jpg,,more,Swiss Leaks,/assets/images/more-swiss-leaks_16375215939_l.jpg,/Users/mekot/mcp-files/timmeko-dot-com/flickr/swiss-leaks_16375215939_l.jpg
Test of Convictions,8/4/09,https://flickr.com/photos/timmeko/3789163022/,I designed and programmed this interactive package about DNA testing for thirty Ohio inmates. This series is responsible for freeing two wrongly-convicted inmates. view interactive,/Users/mekot/mcp-files/timmeko-dot-com/flickr/test-of-convictions_3789163022_o.png,1,more,Test of Convictions,/assets/images/more-test-of-convictions_3789163022_o.png,/Users/mekot/mcp-files/timmeko-dot-com/flickr/test-of-convictions_3789163022_o.png
Textbook cover,9/11/09,https://flickr.com/photos/timmeko/3909051561/,,/Users/mekot/mcp-files/timmeko-dot-com/flickr/textbook-cover_3909051561_o.jpg,,more,Textbook cover,/assets/images/more-textbook-cover_3909051561_o.jpg,/Users/mekot/mcp-files/timmeko-dot-com/flickr/textbook-cover_3909051561_o.jpg
The ABCs of tap water,8/3/09,https://flickr.com/photos/timmeko/3786341822/,"What's in your tap water, and how does it get there?",/Users/mekot/mcp-files/timmeko-dot-com/flickr/the-abcs-of-tap-water_3786341822_o.jpg,,more,The ABCs of tap water,/assets/images/more-the-abcs-of-tap-water_3786341822_o.jpg,/Users/mekot/mcp-files/timmeko-dot-com/flickr/the-abcs-of-tap-water_3786341822_o.jpg
The Carbon Cycle,9/2/11,https://flickr.com/photos/timmeko/6106058409/,,/Users/mekot/mcp-files/timmeko-dot-com/flickr/the-carbon-cycle_6106058409_o.jpg,1,more,The Carbon Cycle,/assets/images/more-the-carbon-cycle_6106058409_o.jpg,/Users/mekot/mcp-files/timmeko-dot-com/flickr/the-carbon-cycle_6106058409_o.jpg
The data behind the 1994 Assault Weapons Ban,3/26/13,https://flickr.com/photos/timmeko/8591540417/,Looking at the impacts of the landmark legislation to curtail assault weapon violence.,/Users/mekot/mcp-files/timmeko-dot-com/flickr/the-data-behind-the-1994-assault-weapons-ban_8591540417_o.jpg,,more,The data behind the 1994 Assault Weapons Ban,/assets/images/more-the-data-behind-the-1994-assault-weapons-ban_8591540417_o.jpg,/Users/mekot/mcp-files/timmeko-dot-com/flickr/the-data-behind-the-1994-assault-weapons-ban_8591540417_o.jpg
The Hustle,3/12/14,https://flickr.com/photos/timmeko/13111871024/,"I was responsible for all design and development.  Visit the site: urbn.is/hustle Prostitution is said to be the world’s oldest profession, but understanding the size and scope of this economy, and the methods and actors involved in this trade, is still a murky endeavor.Outside the sex sold legally in Nevada, prostitution in the United States transpires in the shadows of an underground economy. There are no accounting records to trace, no receipts to scrutinize, and no legal records to analyze. Simply, it is difficult to grasp the size of this economy.But a groundbreaking study released by the Urban Institute sheds new light on how much money is generated by the underground commercial sex economy in American cities.Knowing the size of the economy is the critical first step for enabling law enforcement, the judicial system, and policymakers to make informed choices about how to fight the harm that happens within these black markets.The research yields the first scientifically rigorous estimates for the revenue generated in the underground commercial sex economies of Atlanta, Dallas, Denver, Miami, San Diego, Seattle, and Washington, DC, in 2003 and 2007.",/Users/mekot/mcp-files/timmeko-dot-com/flickr/the-hustle_13111871024_o.png,1,more,The Hustle,/assets/images/more-the-hustle_13111871024_o.png,/Users/mekot/mcp-files/timmeko-dot-com/flickr/the-hustle_13111871024_o.png
The Nitrogen Cycle,9/2/11,https://flickr.com/photos/timmeko/6106058553/,,/Users/mekot/mcp-files/timmeko-dot-com/flickr/the-nitrogen-cycle_6106058553_o.jpg,,more,The Nitrogen Cycle,/assets/images/more-the-nitrogen-cycle_6106058553_o.jpg,/Users/mekot/mcp-files/timmeko-dot-com/flickr/the-nitrogen-cycle_6106058553_o.jpg
The Prison Population Forecaster,12/14/15,https://flickr.com/photos/timmeko/23640836412/,webapp.urban.org/reducing-federal-mass-incarceration/,/Users/mekot/mcp-files/timmeko-dot-com/flickr/the-prison-population-forecaster_23640836412_o.png,,more,The Prison Population Forecaster,/assets/images/more-the-prison-population-forecaster_23640836412_o.png,/Users/mekot/mcp-files/timmeko-dot-com/flickr/the-prison-population-forecaster_23640836412_o.png
The space gun,8/3/09,https://flickr.com/photos/timmeko/3786329742/,,/Users/mekot/mcp-files/timmeko-dot-com/flickr/the-space-gun_3786329742_o.jpg,,more,The space gun,/assets/images/more-the-space-gun_3786329742_o.jpg,/Users/mekot/mcp-files/timmeko-dot-com/flickr/the-space-gun_3786329742_o.jpg
The stain event,1/30/10,https://flickr.com/photos/timmeko/4314469855/,magazine spread that I designed and art directed.,/Users/mekot/mcp-files/timmeko-dot-com/flickr/the-stain-event_4314469855_o.jpg,,more,The stain event,/assets/images/more-the-stain-event_4314469855_o.jpg,/Users/mekot/mcp-files/timmeko-dot-com/flickr/the-stain-event_4314469855_o.jpg
Thermal Power Plant,11/5/10,https://flickr.com/photos/timmeko/5147614016/,,/Users/mekot/mcp-files/timmeko-dot-com/flickr/thermal-power-plant_5147614016_o.jpg,,more,Thermal Power Plant,/assets/images/more-thermal-power-plant_5147614016_o.jpg,/Users/mekot/mcp-files/timmeko-dot-com/flickr/thermal-power-plant_5147614016_o.jpg
To the moon,8/3/09,https://flickr.com/photos/timmeko/3786331722/,A timeline celebrating the 40th anniversary of the Apollo 11 moon landing.,/Users/mekot/mcp-files/timmeko-dot-com/flickr/to-the-moon_3786331722_o.jpg,,more,To the moon,/assets/images/more-to-the-moon_3786331722_o.jpg,/Users/mekot/mcp-files/timmeko-dot-com/flickr/to-the-moon_3786331722_o.jpg
Toxic Influence,3/2/13,https://flickr.com/photos/timmeko/8522012998/,Illustration developed for The Center for Public Integrity.,/Users/mekot/mcp-files/timmeko-dot-com/flickr/toxic-influence_8522012998_l.jpg,,more,Toxic Influence,/assets/images/more-toxic-influence_8522012998_l.jpg,/Users/mekot/mcp-files/timmeko-dot-com/flickr/toxic-influence_8522012998_l.jpg
Transylvania University,4/27/12,https://flickr.com/photos/timmeko/6973063396/,Campus map for Transylvania University.,/Users/mekot/mcp-files/timmeko-dot-com/flickr/transylvania-university_6973063396_o.jpg,1,more,Transylvania University,/assets/images/more-transylvania-university_6973063396_o.jpg,/Users/mekot/mcp-files/timmeko-dot-com/flickr/transylvania-university_6973063396_o.jpg
Trash rehashed,8/3/09,https://flickr.com/photos/timmeko/3786324818/,"How does your recycling get processed, and what does it turn into?",/Users/mekot/mcp-files/timmeko-dot-com/flickr/trash-rehashed_3786324818_o.jpg,1,more,Trash rehashed,/assets/images/more-trash-rehashed_3786324818_o.jpg,/Users/mekot/mcp-files/timmeko-dot-com/flickr/trash-rehashed_3786324818_o.jpg
Trek-nology,8/3/09,https://flickr.com/photos/timmeko/3786340498/,,/Users/mekot/mcp-files/timmeko-dot-com/flickr/trek-nology_3786340498_o.jpg,,more,Trek-nology,/assets/images/more-trek-nology_3786340498_o.jpg,/Users/mekot/mcp-files/timmeko-dot-com/flickr/trek-nology_3786340498_o.jpg
Under your thumb,1/30/10,https://flickr.com/photos/timmeko/4315206090/,illustration done as a mockup for WIRED magazine while I was a student at Ohio University.,/Users/mekot/mcp-files/timmeko-dot-com/flickr/under-your-thumb_4315206090_o.jpg,,more,Under your thumb,/assets/images/more-under-your-thumb_4315206090_o.jpg,/Users/mekot/mcp-files/timmeko-dot-com/flickr/under-your-thumb_4315206090_o.jpg
Va. Tech,1/30/10,https://flickr.com/photos/timmeko/4314470147/,Front page design for fictional Athens newspaper that I designed from the ground up.,/Users/mekot/mcp-files/timmeko-dot-com/flickr/va-tech_4314470147_o.jpg,,more,Va. Tech,/assets/images/more-va-tech_4314470147_o.jpg,/Users/mekot/mcp-files/timmeko-dot-com/flickr/va-tech_4314470147_o.jpg
Watershed management,6/21/11,https://flickr.com/photos/timmeko/5854534463/,Illustration for Conservation International about watershed management. Full interactive package: www.conservation.org/learn/freshwater/Pages/fresh_water.aspx,/Users/mekot/mcp-files/timmeko-dot-com/flickr/watershed-management_5854534463_o.png,,more,Watershed management,/assets/images/more-watershed-management_5854534463_o.png,/Users/mekot/mcp-files/timmeko-dot-com/flickr/watershed-management_5854534463_o.png
When the boughs break...,8/3/09,https://flickr.com/photos/timmeko/3786327700/,"After a major wind-storm in central Ohio, we showed readers which trees they should consider planting as replacements to those lost in the storm.",/Users/mekot/mcp-files/timmeko-dot-com/flickr/when-the-boughs-break_3786327700_o.jpg,,more,When the boughs break...,/assets/images/more-when-the-boughs-break_3786327700_o.jpg,/Users/mekot/mcp-files/timmeko-dot-com/flickr/when-the-boughs-break_3786327700_o.jpg
Why They Paid What They Paid,4/27/12,https://flickr.com/photos/timmeko/7119127309/,"A look at the composition of the income taxes paid by President Obama, Vice President Biden, and Governor Romney. This interactive infographic can be viewed at www.taxpolicycenter.org/taxtopics/2012candidatestaxreturn...",/Users/mekot/mcp-files/timmeko-dot-com/flickr/why-they-paid-what-they-paid_7119127309_o.png,,more,Why They Paid What They Paid,/assets/images/more-why-they-paid-what-they-paid_7119127309_o.png,/Users/mekot/mcp-files/timmeko-dot-com/flickr/why-they-paid-what-they-paid_7119127309_o.png
Wind and Solar maps,11/5/10,https://flickr.com/photos/timmeko/5147614044/,,/Users/mekot/mcp-files/timmeko-dot-com/flickr/wind-and-solar-maps_5147614044_o.jpg,,more,Wind and Solar maps,/assets/images/more-wind-and-solar-maps_5147614044_o.jpg,/Users/mekot/mcp-files/timmeko-dot-com/flickr/wind-and-solar-maps_5147614044_o.jpg
Window Glazing Types,9/2/11,https://flickr.com/photos/timmeko/6106058125/,,/Users/mekot/mcp-files/timmeko-dot-com/flickr/window-glazing-types_6106058125_o.jpg,,more,Window Glazing Types,/assets/images/more-window-glazing-types_6106058125_o.jpg,/Users/mekot/mcp-files/timmeko-dot-com/flickr/window-glazing-types_6106058125_o.jpg